XML File Name,Issue URL
redash_Issue7272.xml,https://github.com/getredash/redash/issues/7272
redash_Issue7127.xml,https://github.com/getredash/redash/issues/7127
redash_Issue6996.xml,https://github.com/getredash/redash/issues/6996
redash_Issue6978.xml,https://github.com/getredash/redash/issues/6978
redash_Issue6954.xml,https://github.com/getredash/redash/issues/6954
redash_Issue6767.xml,https://github.com/getredash/redash/issues/6767
redash_Issue6640.xml,https://github.com/getredash/redash/issues/6640
redash_Issue6560.xml,https://github.com/getredash/redash/issues/6560
redash_Issue6203.xml,https://github.com/getredash/redash/issues/6203
redash_Issue5885.xml,https://github.com/getredash/redash/issues/5885
redash_Issue5882.xml,https://github.com/getredash/redash/issues/5882
redash_Issue5839.xml,https://github.com/getredash/redash/issues/5839
redash_Issue5811.xml,https://github.com/getredash/redash/issues/5811
redash_Issue5805.xml,https://github.com/getredash/redash/issues/5805
redash_Issue5782.xml,https://github.com/getredash/redash/issues/5782
redash_Issue5646.xml,https://github.com/getredash/redash/issues/5646
redash_Issue5622.xml,https://github.com/getredash/redash/issues/5622
redash_Issue5466.xml,https://github.com/getredash/redash/issues/5466
redash_Issue5455.xml,https://github.com/getredash/redash/issues/5455
redash_Issue5445.xml,https://github.com/getredash/redash/issues/5445
redash_Issue5368.xml,https://github.com/getredash/redash/issues/5368
redash_Issue5307.xml,https://github.com/getredash/redash/issues/5307
redash_Issue5300.xml,https://github.com/getredash/redash/issues/5300
redash_Issue5254.xml,https://github.com/getredash/redash/issues/5254
redash_Issue5119.xml,https://github.com/getredash/redash/issues/5119
redash_Issue5035.xml,https://github.com/getredash/redash/issues/5035
redash_Issue5031.xml,https://github.com/getredash/redash/issues/5031
redash_Issue5026.xml,https://github.com/getredash/redash/issues/5026
redash_Issue4997.xml,https://github.com/getredash/redash/issues/4997
redash_Issue4944.xml,https://github.com/getredash/redash/issues/4944
redash_Issue4923.xml,https://github.com/getredash/redash/issues/4923
redash_Issue4893.xml,https://github.com/getredash/redash/issues/4893
redash_Issue4791.xml,https://github.com/getredash/redash/issues/4791
redash_Issue4784.xml,https://github.com/getredash/redash/issues/4784
redash_Issue4763.xml,https://github.com/getredash/redash/issues/4763
redash_Issue4728.xml,https://github.com/getredash/redash/issues/4728
redash_Issue4692.xml,https://github.com/getredash/redash/issues/4692
redash_Issue4666.xml,https://github.com/getredash/redash/issues/4666
redash_Issue4656.xml,https://github.com/getredash/redash/issues/4656
redash_Issue4655.xml,https://github.com/getredash/redash/issues/4655
redash_Issue4628.xml,https://github.com/getredash/redash/issues/4628
redash_Issue4601.xml,https://github.com/getredash/redash/issues/4601
redash_Issue4565.xml,https://github.com/getredash/redash/issues/4565
redash_Issue4557.xml,https://github.com/getredash/redash/issues/4557
redash_Issue4469.xml,https://github.com/getredash/redash/issues/4469
redash_Issue4448.xml,https://github.com/getredash/redash/issues/4448
redash_Issue4402.xml,https://github.com/getredash/redash/issues/4402
redash_Issue4393.xml,https://github.com/getredash/redash/issues/4393
redash_Issue4356.xml,https://github.com/getredash/redash/issues/4356
redash_Issue4290.xml,https://github.com/getredash/redash/issues/4290
redash_Issue4269.xml,https://github.com/getredash/redash/issues/4269
redash_Issue4218.xml,https://github.com/getredash/redash/issues/4218
redash_Issue4164.xml,https://github.com/getredash/redash/issues/4164
redash_Issue4099.xml,https://github.com/getredash/redash/issues/4099
redash_Issue4039.xml,https://github.com/getredash/redash/issues/4039
redash_Issue4036.xml,https://github.com/getredash/redash/issues/4036
redash_Issue4031.xml,https://github.com/getredash/redash/issues/4031
redash_Issue3975.xml,https://github.com/getredash/redash/issues/3975
redash_Issue3966.xml,https://github.com/getredash/redash/issues/3966
redash_Issue3949.xml,https://github.com/getredash/redash/issues/3949
redash_Issue3937.xml,https://github.com/getredash/redash/issues/3937
redash_Issue3917.xml,https://github.com/getredash/redash/issues/3917
redash_Issue3879.xml,https://github.com/getredash/redash/issues/3879
redash_Issue3862.xml,https://github.com/getredash/redash/issues/3862
redash_Issue3851.xml,https://github.com/getredash/redash/issues/3851
redash_Issue3849.xml,https://github.com/getredash/redash/issues/3849
redash_Issue3836.xml,https://github.com/getredash/redash/issues/3836
redash_Issue3785.xml,https://github.com/getredash/redash/issues/3785
redash_Issue3766.xml,https://github.com/getredash/redash/issues/3766
redash_Issue3753.xml,https://github.com/getredash/redash/issues/3753
redash_Issue3739.xml,https://github.com/getredash/redash/issues/3739
redash_Issue3736.xml,https://github.com/getredash/redash/issues/3736
redash_Issue3727.xml,https://github.com/getredash/redash/issues/3727
redash_Issue3711.xml,https://github.com/getredash/redash/issues/3711
redash_Issue3675.xml,https://github.com/getredash/redash/issues/3675
redash_Issue3581.xml,https://github.com/getredash/redash/issues/3581
redash_Issue3572.xml,https://github.com/getredash/redash/issues/3572
redash_Issue3570.xml,https://github.com/getredash/redash/issues/3570
redash_Issue3562.xml,https://github.com/getredash/redash/issues/3562
redash_Issue3554.xml,https://github.com/getredash/redash/issues/3554
redash_Issue3542.xml,https://github.com/getredash/redash/issues/3542
redash_Issue3466.xml,https://github.com/getredash/redash/issues/3466
redash_Issue3438.xml,https://github.com/getredash/redash/issues/3438
redash_Issue3394.xml,https://github.com/getredash/redash/issues/3394
redash_Issue3372.xml,https://github.com/getredash/redash/issues/3372
redash_Issue3355.xml,https://github.com/getredash/redash/issues/3355
redash_Issue3325.xml,https://github.com/getredash/redash/issues/3325
redash_Issue3297.xml,https://github.com/getredash/redash/issues/3297
redash_Issue3294.xml,https://github.com/getredash/redash/issues/3294
redash_Issue3257.xml,https://github.com/getredash/redash/issues/3257
redash_Issue3251.xml,https://github.com/getredash/redash/issues/3251
redash_Issue3213.xml,https://github.com/getredash/redash/issues/3213
redash_Issue3202.xml,https://github.com/getredash/redash/issues/3202
redash_Issue3181.xml,https://github.com/getredash/redash/issues/3181
redash_Issue3117.xml,https://github.com/getredash/redash/issues/3117
redash_Issue3108.xml,https://github.com/getredash/redash/issues/3108
redash_Issue3107.xml,https://github.com/getredash/redash/issues/3107
redash_Issue3098.xml,https://github.com/getredash/redash/issues/3098
redash_Issue3075.xml,https://github.com/getredash/redash/issues/3075
redash_Issue3052.xml,https://github.com/getredash/redash/issues/3052
redash_Issue3034.xml,https://github.com/getredash/redash/issues/3034
redash_Issue3022.xml,https://github.com/getredash/redash/issues/3022
redash_Issue3017.xml,https://github.com/getredash/redash/issues/3017
redash_Issue3015.xml,https://github.com/getredash/redash/issues/3015
redash_Issue2998.xml,https://github.com/getredash/redash/issues/2998
redash_Issue2979.xml,https://github.com/getredash/redash/issues/2979
redash_Issue2972.xml,https://github.com/getredash/redash/issues/2972
redash_Issue2965.xml,https://github.com/getredash/redash/issues/2965
redash_Issue2950.xml,https://github.com/getredash/redash/issues/2950
redash_Issue2930.xml,https://github.com/getredash/redash/issues/2930
redash_Issue2924.xml,https://github.com/getredash/redash/issues/2924
redash_Issue2919.xml,https://github.com/getredash/redash/issues/2919
redash_Issue2901.xml,https://github.com/getredash/redash/issues/2901
redash_Issue2897.xml,https://github.com/getredash/redash/issues/2897
redash_Issue2876.xml,https://github.com/getredash/redash/issues/2876
redash_Issue2875.xml,https://github.com/getredash/redash/issues/2875
redash_Issue2874.xml,https://github.com/getredash/redash/issues/2874
redash_Issue2858.xml,https://github.com/getredash/redash/issues/2858
redash_Issue2856.xml,https://github.com/getredash/redash/issues/2856
redash_Issue2854.xml,https://github.com/getredash/redash/issues/2854
redash_Issue2807.xml,https://github.com/getredash/redash/issues/2807
redash_Issue2782.xml,https://github.com/getredash/redash/issues/2782
redash_Issue2771.xml,https://github.com/getredash/redash/issues/2771
redash_Issue2757.xml,https://github.com/getredash/redash/issues/2757
redash_Issue2751.xml,https://github.com/getredash/redash/issues/2751
redash_Issue2731.xml,https://github.com/getredash/redash/issues/2731
redash_Issue2718.xml,https://github.com/getredash/redash/issues/2718
redash_Issue2700.xml,https://github.com/getredash/redash/issues/2700
redash_Issue2685.xml,https://github.com/getredash/redash/issues/2685
redash_Issue2659.xml,https://github.com/getredash/redash/issues/2659
redash_Issue2657.xml,https://github.com/getredash/redash/issues/2657
redash_Issue2629.xml,https://github.com/getredash/redash/issues/2629
redash_Issue2592.xml,https://github.com/getredash/redash/issues/2592
redash_Issue2587.xml,https://github.com/getredash/redash/issues/2587
redash_Issue2575.xml,https://github.com/getredash/redash/issues/2575
redash_Issue2571.xml,https://github.com/getredash/redash/issues/2571
redash_Issue2569.xml,https://github.com/getredash/redash/issues/2569
redash_Issue2567.xml,https://github.com/getredash/redash/issues/2567
redash_Issue2565.xml,https://github.com/getredash/redash/issues/2565
redash_Issue2541.xml,https://github.com/getredash/redash/issues/2541
redash_Issue2504.xml,https://github.com/getredash/redash/issues/2504
redash_Issue2488.xml,https://github.com/getredash/redash/issues/2488
redash_Issue2400.xml,https://github.com/getredash/redash/issues/2400
redash_Issue2386.xml,https://github.com/getredash/redash/issues/2386
redash_Issue2292.xml,https://github.com/getredash/redash/issues/2292
redash_Issue2235.xml,https://github.com/getredash/redash/issues/2235
redash_Issue2234.xml,https://github.com/getredash/redash/issues/2234
redash_Issue2218.xml,https://github.com/getredash/redash/issues/2218
redash_Issue2159.xml,https://github.com/getredash/redash/issues/2159
redash_Issue2150.xml,https://github.com/getredash/redash/issues/2150
redash_Issue2137.xml,https://github.com/getredash/redash/issues/2137
redash_Issue2108.xml,https://github.com/getredash/redash/issues/2108
redash_Issue1979.xml,https://github.com/getredash/redash/issues/1979
redash_Issue1950.xml,https://github.com/getredash/redash/issues/1950
redash_Issue1881.xml,https://github.com/getredash/redash/issues/1881
redash_Issue1855.xml,https://github.com/getredash/redash/issues/1855
redash_Issue1843.xml,https://github.com/getredash/redash/issues/1843
redash_Issue1842.xml,https://github.com/getredash/redash/issues/1842
redash_Issue1825.xml,https://github.com/getredash/redash/issues/1825
redash_Issue1824.xml,https://github.com/getredash/redash/issues/1824
redash_Issue1764.xml,https://github.com/getredash/redash/issues/1764
redash_Issue1748.xml,https://github.com/getredash/redash/issues/1748
redash_Issue1726.xml,https://github.com/getredash/redash/issues/1726
redash_Issue1719.xml,https://github.com/getredash/redash/issues/1719
redash_Issue1711.xml,https://github.com/getredash/redash/issues/1711
redash_Issue1708.xml,https://github.com/getredash/redash/issues/1708
redash_Issue1694.xml,https://github.com/getredash/redash/issues/1694
redash_Issue1669.xml,https://github.com/getredash/redash/issues/1669
redash_Issue1668.xml,https://github.com/getredash/redash/issues/1668
redash_Issue1664.xml,https://github.com/getredash/redash/issues/1664
redash_Issue1633.xml,https://github.com/getredash/redash/issues/1633
redash_Issue1603.xml,https://github.com/getredash/redash/issues/1603
redash_Issue1587.xml,https://github.com/getredash/redash/issues/1587
redash_Issue1571.xml,https://github.com/getredash/redash/issues/1571
redash_Issue1561.xml,https://github.com/getredash/redash/issues/1561
redash_Issue1556.xml,https://github.com/getredash/redash/issues/1556
redash_Issue1552.xml,https://github.com/getredash/redash/issues/1552
redash_Issue1538.xml,https://github.com/getredash/redash/issues/1538
redash_Issue1527.xml,https://github.com/getredash/redash/issues/1527
redash_Issue1519.xml,https://github.com/getredash/redash/issues/1519
redash_Issue1501.xml,https://github.com/getredash/redash/issues/1501
redash_Issue1499.xml,https://github.com/getredash/redash/issues/1499
redash_Issue1457.xml,https://github.com/getredash/redash/issues/1457
redash_Issue1456.xml,https://github.com/getredash/redash/issues/1456
redash_Issue1455.xml,https://github.com/getredash/redash/issues/1455
redash_Issue1453.xml,https://github.com/getredash/redash/issues/1453
redash_Issue1452.xml,https://github.com/getredash/redash/issues/1452
redash_Issue1451.xml,https://github.com/getredash/redash/issues/1451
redash_Issue1450.xml,https://github.com/getredash/redash/issues/1450
redash_Issue1447.xml,https://github.com/getredash/redash/issues/1447
redash_Issue1439.xml,https://github.com/getredash/redash/issues/1439
redash_Issue1432.xml,https://github.com/getredash/redash/issues/1432
redash_Issue1422.xml,https://github.com/getredash/redash/issues/1422
redash_Issue1414.xml,https://github.com/getredash/redash/issues/1414
redash_Issue1413.xml,https://github.com/getredash/redash/issues/1413
redash_Issue1411.xml,https://github.com/getredash/redash/issues/1411
redash_Issue1396.xml,https://github.com/getredash/redash/issues/1396
redash_Issue1389.xml,https://github.com/getredash/redash/issues/1389
redash_Issue1383.xml,https://github.com/getredash/redash/issues/1383
redash_Issue1276.xml,https://github.com/getredash/redash/issues/1276
redash_Issue1263.xml,https://github.com/getredash/redash/issues/1263
redash_Issue1261.xml,https://github.com/getredash/redash/issues/1261
redash_Issue1259.xml,https://github.com/getredash/redash/issues/1259
redash_Issue1258.xml,https://github.com/getredash/redash/issues/1258
redash_Issue1247.xml,https://github.com/getredash/redash/issues/1247
redash_Issue1224.xml,https://github.com/getredash/redash/issues/1224
redash_Issue1212.xml,https://github.com/getredash/redash/issues/1212
redash_Issue1199.xml,https://github.com/getredash/redash/issues/1199
redash_Issue1194.xml,https://github.com/getredash/redash/issues/1194
redash_Issue1184.xml,https://github.com/getredash/redash/issues/1184
redash_Issue1178.xml,https://github.com/getredash/redash/issues/1178
redash_Issue1165.xml,https://github.com/getredash/redash/issues/1165
redash_Issue1153.xml,https://github.com/getredash/redash/issues/1153
redash_Issue1144.xml,https://github.com/getredash/redash/issues/1144
redash_Issue1135.xml,https://github.com/getredash/redash/issues/1135
redash_Issue1109.xml,https://github.com/getredash/redash/issues/1109
redash_Issue1101.xml,https://github.com/getredash/redash/issues/1101
redash_Issue1097.xml,https://github.com/getredash/redash/issues/1097
redash_Issue1076.xml,https://github.com/getredash/redash/issues/1076
redash_Issue1057.xml,https://github.com/getredash/redash/issues/1057
redash_Issue1056.xml,https://github.com/getredash/redash/issues/1056
redash_Issue1052.xml,https://github.com/getredash/redash/issues/1052
redash_Issue1049.xml,https://github.com/getredash/redash/issues/1049
redash_Issue1047.xml,https://github.com/getredash/redash/issues/1047
redash_Issue1024.xml,https://github.com/getredash/redash/issues/1024
redash_Issue996.xml,https://github.com/getredash/redash/issues/996
redash_Issue994.xml,https://github.com/getredash/redash/issues/994
redash_Issue986.xml,https://github.com/getredash/redash/issues/986
redash_Issue971.xml,https://github.com/getredash/redash/issues/971
redash_Issue961.xml,https://github.com/getredash/redash/issues/961
redash_Issue958.xml,https://github.com/getredash/redash/issues/958
redash_Issue955.xml,https://github.com/getredash/redash/issues/955
redash_Issue949.xml,https://github.com/getredash/redash/issues/949
redash_Issue948.xml,https://github.com/getredash/redash/issues/948
redash_Issue942.xml,https://github.com/getredash/redash/issues/942
redash_Issue930.xml,https://github.com/getredash/redash/issues/930
redash_Issue916.xml,https://github.com/getredash/redash/issues/916
redash_Issue908.xml,https://github.com/getredash/redash/issues/908
redash_Issue851.xml,https://github.com/getredash/redash/issues/851
redash_Issue847.xml,https://github.com/getredash/redash/issues/847
redash_Issue832.xml,https://github.com/getredash/redash/issues/832
redash_Issue810.xml,https://github.com/getredash/redash/issues/810
redash_Issue807.xml,https://github.com/getredash/redash/issues/807
redash_Issue802.xml,https://github.com/getredash/redash/issues/802
redash_Issue801.xml,https://github.com/getredash/redash/issues/801
redash_Issue797.xml,https://github.com/getredash/redash/issues/797
redash_Issue792.xml,https://github.com/getredash/redash/issues/792
redash_Issue785.xml,https://github.com/getredash/redash/issues/785
redash_Issue783.xml,https://github.com/getredash/redash/issues/783
redash_Issue779.xml,https://github.com/getredash/redash/issues/779
redash_Issue772.xml,https://github.com/getredash/redash/issues/772
redash_Issue768.xml,https://github.com/getredash/redash/issues/768
redash_Issue755.xml,https://github.com/getredash/redash/issues/755
redash_Issue745.xml,https://github.com/getredash/redash/issues/745
redash_Issue738.xml,https://github.com/getredash/redash/issues/738
redash_Issue736.xml,https://github.com/getredash/redash/issues/736
redash_Issue733.xml,https://github.com/getredash/redash/issues/733
redash_Issue731.xml,https://github.com/getredash/redash/issues/731
redash_Issue730.xml,https://github.com/getredash/redash/issues/730
redash_Issue708.xml,https://github.com/getredash/redash/issues/708
redash_Issue695.xml,https://github.com/getredash/redash/issues/695
redash_Issue694.xml,https://github.com/getredash/redash/issues/694
redash_Issue692.xml,https://github.com/getredash/redash/issues/692
redash_Issue683.xml,https://github.com/getredash/redash/issues/683
redash_Issue674.xml,https://github.com/getredash/redash/issues/674
redash_Issue671.xml,https://github.com/getredash/redash/issues/671
redash_Issue669.xml,https://github.com/getredash/redash/issues/669
redash_Issue655.xml,https://github.com/getredash/redash/issues/655
redash_Issue643.xml,https://github.com/getredash/redash/issues/643
redash_Issue606.xml,https://github.com/getredash/redash/issues/606
redash_Issue597.xml,https://github.com/getredash/redash/issues/597
redash_Issue595.xml,https://github.com/getredash/redash/issues/595
redash_Issue583.xml,https://github.com/getredash/redash/issues/583
redash_Issue581.xml,https://github.com/getredash/redash/issues/581
redash_Issue572.xml,https://github.com/getredash/redash/issues/572
redash_Issue571.xml,https://github.com/getredash/redash/issues/571
redash_Issue564.xml,https://github.com/getredash/redash/issues/564
redash_Issue562.xml,https://github.com/getredash/redash/issues/562
redash_Issue541.xml,https://github.com/getredash/redash/issues/541
redash_Issue444.xml,https://github.com/getredash/redash/issues/444
redash_Issue443.xml,https://github.com/getredash/redash/issues/443
redash_Issue418.xml,https://github.com/getredash/redash/issues/418
redash_Issue417.xml,https://github.com/getredash/redash/issues/417
redash_Issue411.xml,https://github.com/getredash/redash/issues/411
redash_Issue379.xml,https://github.com/getredash/redash/issues/379
redash_Issue371.xml,https://github.com/getredash/redash/issues/371
redash_Issue336.xml,https://github.com/getredash/redash/issues/336
redash_Issue335.xml,https://github.com/getredash/redash/issues/335
redash_Issue330.xml,https://github.com/getredash/redash/issues/330
redash_Issue311.xml,https://github.com/getredash/redash/issues/311
redash_Issue307.xml,https://github.com/getredash/redash/issues/307
redash_Issue303.xml,https://github.com/getredash/redash/issues/303
redash_Issue292.xml,https://github.com/getredash/redash/issues/292
redash_Issue288.xml,https://github.com/getredash/redash/issues/288
redash_Issue278.xml,https://github.com/getredash/redash/issues/278
redash_Issue277.xml,https://github.com/getredash/redash/issues/277
redash_Issue276.xml,https://github.com/getredash/redash/issues/276
redash_Issue275.xml,https://github.com/getredash/redash/issues/275
redash_Issue273.xml,https://github.com/getredash/redash/issues/273
redash_Issue265.xml,https://github.com/getredash/redash/issues/265
redash_Issue263.xml,https://github.com/getredash/redash/issues/263
redash_Issue261.xml,https://github.com/getredash/redash/issues/261
redash_Issue257.xml,https://github.com/getredash/redash/issues/257
redash_Issue249.xml,https://github.com/getredash/redash/issues/249
redash_Issue246.xml,https://github.com/getredash/redash/issues/246
redash_Issue245.xml,https://github.com/getredash/redash/issues/245
redash_Issue243.xml,https://github.com/getredash/redash/issues/243
redash_Issue242.xml,https://github.com/getredash/redash/issues/242
redash_Issue241.xml,https://github.com/getredash/redash/issues/241
redash_Issue234.xml,https://github.com/getredash/redash/issues/234
redash_Issue228.xml,https://github.com/getredash/redash/issues/228
redash_Issue223.xml,https://github.com/getredash/redash/issues/223
redash_Issue212.xml,https://github.com/getredash/redash/issues/212
redash_Issue211.xml,https://github.com/getredash/redash/issues/211
redash_Issue209.xml,https://github.com/getredash/redash/issues/209
redash_Issue202.xml,https://github.com/getredash/redash/issues/202
redash_Issue195.xml,https://github.com/getredash/redash/issues/195
redash_Issue193.xml,https://github.com/getredash/redash/issues/193
redash_Issue189.xml,https://github.com/getredash/redash/issues/189
redash_Issue188.xml,https://github.com/getredash/redash/issues/188
redash_Issue187.xml,https://github.com/getredash/redash/issues/187
redash_Issue186.xml,https://github.com/getredash/redash/issues/186
redash_Issue185.xml,https://github.com/getredash/redash/issues/185
redash_Issue184.xml,https://github.com/getredash/redash/issues/184
redash_Issue183.xml,https://github.com/getredash/redash/issues/183
redash_Issue177.xml,https://github.com/getredash/redash/issues/177
redash_Issue175.xml,https://github.com/getredash/redash/issues/175
redash_Issue174.xml,https://github.com/getredash/redash/issues/174
redash_Issue173.xml,https://github.com/getredash/redash/issues/173
redash_Issue171.xml,https://github.com/getredash/redash/issues/171
redash_Issue168.xml,https://github.com/getredash/redash/issues/168
redash_Issue161.xml,https://github.com/getredash/redash/issues/161
redash_Issue160.xml,https://github.com/getredash/redash/issues/160
redash_Issue148.xml,https://github.com/getredash/redash/issues/148
redash_Issue146.xml,https://github.com/getredash/redash/issues/146
redash_Issue145.xml,https://github.com/getredash/redash/issues/145
redash_Issue144.xml,https://github.com/getredash/redash/issues/144
redash_Issue141.xml,https://github.com/getredash/redash/issues/141
redash_Issue137.xml,https://github.com/getredash/redash/issues/137
redash_Issue129.xml,https://github.com/getredash/redash/issues/129
redash_Issue125.xml,https://github.com/getredash/redash/issues/125
redash_Issue113.xml,https://github.com/getredash/redash/issues/113
redash_Issue107.xml,https://github.com/getredash/redash/issues/107
redash_Issue106.xml,https://github.com/getredash/redash/issues/106
redash_Issue104.xml,https://github.com/getredash/redash/issues/104
redash_Issue97.xml,https://github.com/getredash/redash/issues/97
redash_Issue91.xml,https://github.com/getredash/redash/issues/91
redash_Issue90.xml,https://github.com/getredash/redash/issues/90
redash_Issue85.xml,https://github.com/getredash/redash/issues/85
redash_Issue81.xml,https://github.com/getredash/redash/issues/81
redash_Issue80.xml,https://github.com/getredash/redash/issues/80
redash_Issue75.xml,https://github.com/getredash/redash/issues/75
redash_Issue68.xml,https://github.com/getredash/redash/issues/68
redash_Issue60.xml,https://github.com/getredash/redash/issues/60
redash_Issue58.xml,https://github.com/getredash/redash/issues/58
redash_Issue57.xml,https://github.com/getredash/redash/issues/57
redash_Issue49.xml,https://github.com/getredash/redash/issues/49
redash_Issue46.xml,https://github.com/getredash/redash/issues/46
redash_Issue45.xml,https://github.com/getredash/redash/issues/45
redash_Issue44.xml,https://github.com/getredash/redash/issues/44
redash_Issue43.xml,https://github.com/getredash/redash/issues/43
redash_Issue42.xml,https://github.com/getredash/redash/issues/42
redash_Issue41.xml,https://github.com/getredash/redash/issues/41
redash_Issue38.xml,https://github.com/getredash/redash/issues/38
redash_Issue34.xml,https://github.com/getredash/redash/issues/34
redash_Issue33.xml,https://github.com/getredash/redash/issues/33
redash_Issue31.xml,https://github.com/getredash/redash/issues/31
redash_Issue29.xml,https://github.com/getredash/redash/issues/29
redash_Issue28.xml,https://github.com/getredash/redash/issues/28
redash_Issue27.xml,https://github.com/getredash/redash/issues/27
redash_Issue26.xml,https://github.com/getredash/redash/issues/26
redash_Issue24.xml,https://github.com/getredash/redash/issues/24
redash_Issue23.xml,https://github.com/getredash/redash/issues/23
redash_Issue22.xml,https://github.com/getredash/redash/issues/22
redash_Issue19.xml,https://github.com/getredash/redash/issues/19
redash_Issue18.xml,https://github.com/getredash/redash/issues/18
redash_Issue17.xml,https://github.com/getredash/redash/issues/17
redash_Issue16.xml,https://github.com/getredash/redash/issues/16
redash_Issue15.xml,https://github.com/getredash/redash/issues/15
redash_Issue13.xml,https://github.com/getredash/redash/issues/13
redash_Issue12.xml,https://github.com/getredash/redash/issues/12
redash_Issue11.xml,https://github.com/getredash/redash/issues/11
redash_Issue10.xml,https://github.com/getredash/redash/issues/10
redash_Issue9.xml,https://github.com/getredash/redash/issues/9
redash_Issue8.xml,https://github.com/getredash/redash/issues/8
redash_Issue7.xml,https://github.com/getredash/redash/issues/7
redash_Issue6.xml,https://github.com/getredash/redash/issues/6
redash_Issue5.xml,https://github.com/getredash/redash/issues/5
redash_Issue3.xml,https://github.com/getredash/redash/issues/3
redash_Issue2.xml,https://github.com/getredash/redash/issues/2
redash_Issue1.xml,https://github.com/getredash/redash/issues/1
